City,Cloudiness,Country,Date,Humidity,Lat,Lng,Max Temp,Wind Speed
luyang,0,CN,1554512400,60,31.88,117.26,68.0,11.18
severo-kurilsk,88,RU,1554514427,95,50.68,156.12,33.11,13.13
aksarka,12,RU,1554514427,80,66.56,67.8,19.52,13.02
ushuaia,40,AR,1554512400,80,-54.81,-68.31,41.0,39.15
jatiroto,92,ID,1554514427,100,-7.61,109.46,78.29,4.41
victoria,75,BN,1554512400,74,5.28,115.24,86.0,3.36
piacabucu,0,BR,1554514428,89,-10.41,-36.43,76.85,5.75
punta arenas,75,CL,1554512400,80,-53.16,-70.91,41.0,23.04
noumea,20,NC,1554512400,39,-22.28,166.46,84.2,10.29
fairbanks,1,US,1554514125,32,64.84,-147.72,44.6,14.99
imbituba,75,BR,1554512400,78,-28.24,-48.67,71.6,10.29
cape town,0,ZA,1554514091,72,-33.93,18.42,60.01,8.05
bubaque,0,GW,1554514429,88,11.28,-15.83,81.53,16.04
severo-yeniseyskiy,0,RU,1554514429,61,60.37,93.04,32.12,7.43
mataura,0,NZ,1554513607,50,-46.19,168.86,57.0,4.0
chicama,0,PE,1554512400,83,-7.84,-79.15,69.8,6.93
maragogi,100,BR,1554514430,86,-9.01,-35.22,79.46,4.74
bluff,0,AU,1554514210,44,-23.58,149.07,85.13,9.44
port alfred,80,ZA,1554514343,93,-33.59,26.89,57.99,1.01
dikson,76,RU,1554514431,100,73.51,80.55,20.33,13.13
busselton,0,AU,1554514209,39,-33.64,115.35,63.0,6.53
sao filipe,24,CV,1554514431,99,14.9,-24.5,70.01,17.94
kapaa,1,US,1554514405,57,22.08,-159.32,80.6,8.05
tuktoyaktuk,5,CA,1554512400,84,69.44,-133.03,1.4,9.17
vestmannaeyjar,0,IS,1554514432,100,63.44,-20.27,35.45,12.01
gorey,92,SO,1554514432,95,3.22,43.63,73.25,6.53
ngozi,56,BI,1554514433,89,-2.91,29.82,54.71,2.73
jamestown,0,AU,1554514324,36,-33.21,138.6,72.71,4.07
nadym,64,RU,1554514433,88,65.53,72.51,23.21,23.2
bredasdorp,0,ZA,1554514233,93,-34.53,20.04,57.0,5.82
fortuna,0,ES,1554514414,76,38.18,-1.13,51.01,9.17
georgetown,20,GY,1554512400,74,6.8,-58.16,80.6,9.17
ardakan,75,IR,1554512400,39,32.31,54.02,66.2,11.41
albany,90,US,1554514282,80,42.65,-73.75,35.01,5.82
kawai,20,JP,1554514322,51,34.58,135.74,66.99,13.87
saint george,90,GR,1554511800,71,39.45,22.34,53.6,2.84
port lincoln,8,AU,1554514436,89,-34.72,135.86,65.51,4.41
goranboy,90,AZ,1554512400,100,40.61,46.79,48.2,4.7
qaanaaq,0,GL,1554514436,67,77.48,-69.36,-5.05,6.87
rikitea,48,PF,1554514437,100,-23.12,-134.97,77.48,14.81
aitape,8,PG,1554514437,87,-3.15,142.36,84.95,4.74
ribeira grande,76,PT,1554514437,96,38.52,-28.7,61.28,20.18
nushki,0,PK,1554514234,37,29.55,66.02,63.71,3.96
pochutla,75,MX,1554514282,66,15.74,-96.47,84.2,11.41
solnechnyy,88,RU,1554514437,77,50.72,136.64,34.28,7.99
vila velha,0,BR,1554513491,88,-3.71,-38.6,78.8,2.24
nachingwea,76,TZ,1554514438,96,-10.37,38.76,72.35,2.28
hilo,75,US,1554514398,61,19.71,-155.08,80.6,12.75
dolinsk,75,RU,1554512400,69,47.32,142.8,37.4,4.47
saint-philippe,90,CA,1554514433,86,45.36,-73.48,35.01,12.75
japura,32,ID,1554514439,82,-0.42,102.29,83.78,1.61
avarua,0,CK,1554512400,69,-21.21,-159.78,80.6,6.93
sekoma,32,BW,1554514439,95,-24.51,23.93,57.68,9.44
kavaratti,0,IN,1554514439,100,10.57,72.64,83.78,4.41
vardo,90,US,1554514435,86,39.62,-77.74,44.01,6.93
pontes e lacerda,100,BR,1554514440,90,-15.23,-59.33,65.42,8.1
touros,20,BR,1554512400,94,-5.2,-35.46,77.0,3.36
hermanus,0,ZA,1554514266,88,-34.42,19.24,57.0,5.99
bilma,0,NE,1554514441,26,18.69,12.92,66.68,2.84
cabot,1,US,1554514331,68,34.97,-92.02,68.0,4.7
ponta do sol,32,BR,1554514426,96,-20.63,-46.0,67.85,3.4
faanui,88,PF,1554514207,100,-16.48,-151.75,84.77,14.81
makakilo city,1,US,1554514386,51,21.35,-158.09,84.0,14.99
atuona,92,PF,1554514385,99,-9.8,-139.03,82.88,14.03
yumen,0,CN,1554514442,30,40.29,97.04,60.74,6.76
lasa,0,CY,1554514262,87,34.92,32.53,55.4,5.82
whitehorse,90,CA,1554513743,63,60.72,-135.06,30.99,12.75
castro,90,CL,1554512400,87,-42.48,-73.76,50.0,2.24
hithadhoo,0,MV,1554514442,100,-0.6,73.08,83.69,4.97
esperance,20,TT,1554514317,74,10.24,-61.45,78.8,6.64
nizhniy tsasuchey,0,RU,1554514443,41,50.52,115.13,36.17,17.27
tezu,0,IN,1554514443,58,27.93,96.16,66.05,0.38
yellowknife,20,CA,1554512400,44,62.45,-114.38,21.2,3.36
port hawkesbury,1,CA,1554514414,42,45.62,-61.36,32.0,4.7
bowen,75,AU,1554514054,69,-20.01,148.25,82.99,20.8
talnakh,76,RU,1554514444,96,69.49,88.39,20.15,14.25
chokurdakh,12,RU,1554514428,100,70.62,147.9,18.98,5.75
mar del plata,12,AR,1554514402,53,-46.43,-67.52,62.9,33.15
vila,75,IT,1554514444,70,45.18,8.4,52.0,2.24
barrow,0,AR,1554514445,69,-38.31,-60.23,54.62,12.8
new norfolk,40,AU,1554514395,42,-42.78,147.06,64.99,23.04
nanortalik,88,GL,1554514445,92,60.14,-45.24,32.21,26.55
seoul,20,KR,1554513000,49,37.57,126.98,53.6,5.82
tasiilaq,56,GL,1554511800,68,65.61,-37.64,30.2,26.4
longyearbyen,90,NO,1554511800,62,78.22,15.63,19.4,1.12
henties bay,8,NA,1554512539,93,-22.12,14.28,59.0,7.0
yulara,0,AU,1554512400,25,-25.24,130.99,84.2,12.75
upernavik,36,GL,1554514446,100,72.79,-56.15,15.38,9.89
nikolskoye,0,RU,1554514277,68,59.7,30.79,36.0,2.62
shingu,20,JP,1554512400,45,33.72,135.99,66.2,16.11
east london,92,ZA,1554514447,100,-33.02,27.91,64.52,6.76
torbay,75,CA,1554514401,63,47.66,-52.73,30.0,24.16
khandyga,24,RU,1554514448,64,62.65,135.58,34.37,3.4
kahului,40,US,1554514442,48,20.89,-156.47,84.2,8.05
linhai,0,CN,1554513990,63,28.86,121.14,70.0,5.86
saint-francois,88,FR,1554514329,75,46.42,3.91,46.4,8.05
mackay,75,CA,1554512400,75,53.65,-115.58,41.0,8.05
muisne,56,EC,1554514449,90,0.61,-80.02,73.52,4.07
amherst,90,CA,1554514229,40,45.83,-64.21,33.8,9.17
lebu,75,ET,1554512400,72,8.96,38.73,60.8,10.29
sorland,0,NO,1554514450,100,67.67,12.69,38.15,1.61
mahebourg,75,MU,1554514441,83,-20.41,57.7,78.8,12.75
esso,0,RU,1554514451,85,55.93,158.7,27.8,6.2
urdoma,0,RU,1554514451,90,61.74,48.55,26.45,5.97
kodiak,1,US,1554514407,54,39.95,-94.76,60.8,9.17
kuli,0,UA,1554513914,51,49.94,30.53,44.01,4.47
pascagoula,90,US,1554514205,88,30.37,-88.56,69.8,6.93
qasigiannguit,0,GL,1554511800,46,68.82,-51.19,30.2,23.04
ketchikan,90,US,1554512160,81,55.34,-131.65,51.8,9.17
kirensk,24,RU,1554514452,56,57.78,108.12,32.21,3.4
inhambane,88,MZ,1554514452,100,-23.87,35.38,72.53,3.62
guarapari,0,BR,1554512659,78,-20.67,-40.5,81.0,10.29
nenjiang,12,CN,1554514453,35,49.17,125.23,46.16,9.44
saint anthony,40,US,1554514349,75,43.97,-111.68,48.2,13.87
thompson,5,CA,1554512400,32,55.74,-97.86,23.0,4.7
alofi,76,NU,1554512400,88,-19.06,-169.92,80.6,3.36
east stroudsburg,90,US,1554514314,100,41.0,-75.18,39.0,3.74
adrar,0,DZ,1554512400,48,27.87,-0.29,62.6,11.41
isangel,75,VU,1554512400,66,-19.55,169.27,84.2,17.22
dawson creek,90,CA,1554512400,88,55.76,-120.23,32.0,10.29
christchurch,68,NZ,1554514386,71,-43.53,172.64,57.0,10.29
chuy,44,UY,1554514318,82,-33.69,-53.46,64.79,12.68
atambua,92,ID,1554514455,100,-9.11,124.89,79.55,17.49
nelson bay,0,AU,1554514323,69,-32.72,152.14,81.0,8.05
arraial do cabo,0,BR,1554514455,84,-22.97,-42.02,80.36,17.27
butaritari,92,KI,1554514387,100,3.07,172.79,80.81,12.68
tilichiki,0,RU,1554514455,90,60.47,166.1,35.45,3.85
port elizabeth,90,US,1554514433,93,39.31,-74.98,52.0,9.17
codrington,40,AU,1554514393,54,-28.95,153.24,78.8,3.51
auki,8,NG,1554514456,46,12.18,6.51,69.56,6.98
itoman,20,JP,1554512400,64,26.12,127.67,77.0,4.7
provideniya,0,RU,1554514457,100,64.42,-173.23,25.28,2.28
dunedin,0,NZ,1554513973,48,-45.87,170.5,55.0,10.0
pevek,20,RU,1554514457,86,69.7,170.27,8.63,10.89
camalu,88,MX,1554514457,93,30.85,-116.07,56.06,5.75
manta,88,RO,1554514457,65,45.1,24.1,44.99,11.45
te anau,0,NZ,1554514458,49,-45.41,167.72,53.54,3.4
secunda,92,ZA,1554514315,99,-26.52,29.2,52.0,1.99
saskylakh,0,RU,1554514458,86,71.97,114.09,15.11,12.68
wagar,76,US,1554514346,95,31.44,-87.99,69.01,0.72
manavgat,0,TR,1554511800,87,36.79,31.44,52.0,4.7
kruisfontein,24,ZA,1554514459,85,-34.0,24.73,58.85,8.32
road town,40,VG,1554514095,74,18.42,-64.62,78.8,9.17
trairi,24,BR,1554514375,100,-3.28,-39.27,79.46,2.73
baker city,92,US,1554513463,78,44.77,-117.83,51.01,10.0
crotone,12,IT,1554514459,97,39.09,17.12,58.58,6.2
pericos,20,MX,1554514395,47,25.08,-107.7,78.8,6.93
katsuura,20,JP,1554514443,37,33.93,134.5,68.0,16.11
aklavik,5,CA,1554512400,53,68.22,-135.01,21.2,8.05
colares,40,PT,1554514425,87,38.8,-9.45,52.0,5.82
cidreira,92,BR,1554514460,92,-30.17,-50.22,68.03,8.21
cartagena,0,ES,1554514355,70,37.63,-1.0,51.01,5.82
dingle,24,PH,1554514461,63,11.0,122.67,87.38,9.66
gweta,32,BW,1554514461,75,-20.21,25.26,66.05,8.99
abu samrah,32,SY,1554514461,95,35.3,37.18,49.76,3.51
ahuimanu,40,US,1554514386,74,21.44,-157.84,84.0,6.93
altay,44,CN,1554514462,90,47.83,88.13,36.89,1.39
broken hill,0,AU,1554512400,56,-31.97,141.45,69.8,12.75
pangnirtung,88,CA,1554514462,77,66.15,-65.72,14.03,4.97
batemans bay,0,AU,1554514265,53,-35.71,150.18,73.99,1.99
bati,64,ET,1554514463,86,11.19,40.02,66.68,3.4
gurupi,36,BR,1554514324,95,-11.73,-49.07,70.1,2.84
rundu,56,NA,1554514463,91,-17.91,19.77,63.71,3.06
kajaani,90,FI,1554511800,85,64.22,27.73,32.0,6.93
hobart,40,AU,1554514299,42,-42.88,147.33,64.99,23.04
mocuba,32,MZ,1554514464,95,-16.84,36.99,71.45,3.18
tabou,80,CI,1554514464,100,4.42,-7.36,82.7,10.45
darlawn,32,IN,1554514464,75,24.02,92.93,76.31,1.72
berlevag,0,NO,1554514464,100,70.86,29.09,22.49,8.43
nuqui,90,CO,1554512400,94,5.71,-77.27,78.8,2.51
mandalgovi,64,MN,1554514465,75,45.76,106.27,33.02,10.33
iskateley,76,RU,1554514465,91,67.68,53.15,23.48,19.95
mabaruma,36,GY,1554514465,87,8.2,-59.78,76.49,6.64
samarai,92,PG,1554514466,100,-10.62,150.67,78.29,4.07
juba,0,EE,1554514217,64,57.82,26.93,36.0,2.24
namibe,0,AO,1554514466,100,-15.19,12.15,77.12,3.74
mount gambier,90,AU,1554512400,59,-37.83,140.78,60.8,10.29
ciudad bolivar,0,VE,1554514466,39,8.12,-63.55,83.78,16.15
illapel,0,CL,1554514313,95,-31.63,-71.17,57.23,1.95
goderich,0,CA,1554514416,90,43.74,-81.71,37.99,2.62
khatanga,8,RU,1554514467,85,71.98,102.47,17.9,18.39
loma bonita,0,MX,1554508792,56,18.11,-95.88,93.0,8.01
narsaq,75,GL,1554511800,47,60.91,-46.05,37.4,29.97
puerto ayora,75,EC,1554514229,78,-0.74,-90.35,80.6,5.82
tucuman,0,PE,1554514468,86,-17.17,-70.89,52.82,2.62
ulladulla,40,AU,1554514247,57,-35.36,150.48,81.0,8.05
faya,0,SA,1554512400,72,18.39,42.45,62.6,16.11
jacqueville,0,CI,1554512400,83,5.21,-4.42,82.4,5.82
that phanom,40,TH,1554512400,78,16.94,104.73,78.8,2.24
gizo,20,IL,1554514455,82,31.8,34.94,57.2,4.7
pangkalanbuun,36,ID,1554514244,90,-2.68,111.62,85.85,3.85
richards bay,92,ZA,1554514469,100,-28.77,32.06,65.87,23.31
zheleznodorozhnyy,0,RU,1554514445,80,55.75,38.0,39.99,5.75
pudozh,0,RU,1554514470,68,61.81,36.54,16.1,3.4
fort saint james,92,CA,1554514470,94,54.43,-124.25,41.3,6.53
balkanabat,20,TM,1554514471,75,39.51,54.36,56.78,6.87
muros,75,ES,1554514436,100,42.77,-9.06,52.0,4.7
college,1,US,1554514234,32,64.86,-147.8,44.6,14.99
ilulissat,0,GL,1554511800,46,69.22,-51.1,30.2,23.04
naze,68,NG,1554514471,93,5.43,7.07,76.4,7.2
bondo,12,CD,1554514472,78,3.81,23.69,74.15,2.17
la macarena,88,CO,1554514472,48,2.18,-73.79,82.79,3.18
umm lajj,0,SA,1554514472,100,25.02,37.27,59.21,2.95
afonso claudio,0,BR,1554514472,91,-20.07,-41.12,70.1,4.74
burns lake,64,CA,1554514472,93,54.23,-125.76,39.05,1.05
kupang,75,ID,1554512400,74,-10.16,123.6,80.6,9.17
honiara,68,SB,1554514473,89,-9.43,159.96,82.16,2.17
saint-pierre,8,FR,1554514324,86,48.95,4.24,39.2,10.29
teahupoo,40,PF,1554512400,62,-17.83,-149.27,89.6,11.41
itarema,80,BR,1554514474,100,-2.92,-39.92,73.97,3.4
tuatapere,0,NZ,1554513607,50,-46.13,167.69,57.0,4.0
port blair,0,IN,1554514475,100,11.67,92.75,83.6,5.75
buchanan,75,LR,1554512400,94,5.88,-10.05,75.2,4.63
ukhta,0,RU,1554514475,78,63.56,53.68,18.98,2.51
zhanaozen,12,KZ,1554514476,66,43.35,52.85,47.6,14.03
cherskiy,0,RU,1554514476,71,68.75,161.3,19.61,2.73
santa cruz del norte,40,CU,1554512100,78,23.15,-81.92,80.01,1.12
abrau-dyurso,0,RU,1554512400,75,44.7,37.6,44.6,17.9
rocky mountain house,0,CA,1554514275,61,52.38,-114.92,42.56,3.74
chapais,90,CA,1554513360,47,49.78,-74.86,33.8,21.92
posse,12,BR,1554514477,93,-14.08,-46.36,69.83,2.95
souillac,0,FR,1554514406,81,45.6,-0.6,50.0,5.82
melfort,1,CA,1554512400,75,52.87,-104.61,32.0,3.36
kununurra,90,AU,1554512400,66,-15.77,128.74,86.0,9.17
tena,8,EC,1554514478,89,-0.99,-77.82,57.95,2.39
ostrovnoy,0,RU,1554514478,84,68.05,39.51,20.78,18.5
formosa,75,AR,1554512400,82,-26.19,-58.17,64.4,5.82
tateyama,20,JP,1554514201,35,36.66,137.31,59.0,2.24
nigran,75,ES,1554514408,93,42.14,-8.81,57.0,6.93
marawi,48,PH,1554514312,80,8.0,124.29,81.0,5.01
vaini,56,IN,1554514407,81,15.34,74.49,73.88,2.28
hudson bay,8,CA,1554514479,72,52.86,-102.4,27.62,4.52
catanzaro,68,IT,1554514190,99,38.91,16.6,55.99,3.0
kiama,40,AU,1554514330,57,-34.67,150.86,81.0,8.05
mehran,90,IR,1554512400,81,33.12,46.17,50.0,4.7
nantucket,90,US,1554514324,74,41.28,-70.1,39.2,8.05
abha,0,SA,1554512400,72,18.22,42.5,62.6,16.11
velyka lepetykha,0,UA,1554514481,94,47.18,33.94,34.91,6.64
batticaloa,0,LK,1554514481,96,7.71,81.69,82.88,4.41
puqi,68,CN,1554514481,77,29.72,113.88,72.71,10.11
nchelenge,24,ZM,1554514481,99,-9.35,28.74,64.61,2.73
tiksi,56,RU,1554514481,86,71.64,128.87,21.14,4.18
tual,48,ID,1554514482,100,-5.67,132.75,83.51,2.51
alta floresta,92,BR,1554514482,93,-9.87,-56.08,76.31,2.06
broome,48,GB,1554514446,93,52.47,1.45,45.0,4.7
manbij,0,SY,1554511800,93,36.53,37.96,42.8,5.53
vila franca do campo,40,PT,1554514444,82,37.72,-25.43,59.0,9.17
ibra,64,OM,1554514483,40,22.69,58.55,70.01,0.16
namatanai,32,PG,1554514483,100,-3.66,152.44,82.88,3.85
coos bay,1,US,1554514270,66,43.37,-124.22,60.01,23.04
caucaia,0,BR,1554513491,88,-3.73,-38.66,78.8,2.24
udachnyy,88,RU,1554514484,68,66.42,112.4,26.18,3.29
tsabong,0,BW,1554514484,95,-26.02,22.4,58.22,9.55
awbari,32,LY,1554514484,67,26.59,12.77,67.4,6.42
bambous virieux,75,MU,1554514441,83,-20.34,57.76,78.8,12.75
avera,1,US,1554514318,88,33.19,-82.53,66.2,3.36
kaduqli,0,SD,1554514247,26,11.01,29.72,64.52,7.09
bethel,1,US,1554512160,51,60.79,-161.76,35.6,18.34
cabo san lucas,20,MX,1554514345,60,22.89,-109.91,78.8,14.99
sidney,90,US,1554514325,70,47.72,-104.16,46.4,16.11
lompoc,1,US,1554514383,77,34.64,-120.46,63.0,11.41
kimbe,36,PG,1554514486,96,-5.56,150.15,83.69,3.96
ancud,90,CL,1554512400,87,-41.87,-73.83,50.0,2.24
adwa,0,ET,1554514486,82,14.16,38.9,48.68,2.73
sterling,90,US,1554514479,100,39.0,-77.4,48.2,5.82
nome,90,US,1554514443,83,30.04,-94.42,73.99,4.7
noyabrsk,64,RU,1554514487,85,63.2,75.45,21.68,17.27
san cristobal,75,EC,1554514324,93,-0.39,-78.55,57.2,8.05
colac,76,AU,1554514344,69,-38.34,143.59,64.99,1.99
kaeo,100,NZ,1554514385,78,-35.1,173.78,66.0,5.99
hobyo,24,SO,1554514488,82,5.35,48.53,80.09,9.33
kainantu,48,PG,1554514488,74,-6.29,145.87,76.76,0.38
lavras da mangabeira,75,BR,1554512400,83,-6.75,-38.96,77.0,8.05
coquimbo,20,CL,1554512400,93,-29.95,-71.34,57.2,5.82
visby,8,SE,1554514374,60,57.64,18.3,44.01,12.75
clarence town,0,AU,1554514333,69,-32.59,151.78,82.0,8.05
porto novo,0,BR,1554512400,78,-23.68,-45.44,77.0,1.12
kaitangata,0,NZ,1554514375,53,-46.28,169.85,54.0,11.01
cubuk,0,TR,1554514382,74,40.24,33.03,46.0,1.12
luderitz,8,NA,1554514490,81,-26.65,15.16,57.86,14.81
salalah,20,OM,1554511800,78,17.01,54.1,78.8,1.12
lavrentiya,0,RU,1554514491,91,65.58,-170.99,23.03,5.3
huanren,0,CN,1554514491,36,41.26,125.37,50.93,5.75
vanimo,0,PG,1554514491,100,-2.67,141.3,81.98,4.97
tahe,88,CN,1554514491,70,52.34,124.71,32.75,5.19
jimma,92,ET,1554514491,97,7.67,36.84,56.78,2.39
luhyny,48,UA,1554514492,51,51.08,28.4,41.12,9.1
tshikapa,0,CD,1554514492,96,-6.42,20.79,73.79,2.17
sitka,88,US,1554514330,55,37.17,-99.65,66.99,8.01
nishihara,20,JP,1554514436,25,35.74,139.53,66.99,8.05
dubbo,12,AU,1554512400,34,-32.25,148.6,80.6,14.99
kosh-agach,0,RU,1554514493,54,49.99,88.66,35.63,7.09
la ronge,40,CA,1554512400,50,55.1,-105.3,30.2,5.82
klaksvik,48,FO,1554511800,80,62.23,-6.59,41.0,5.82
marbella,20,ES,1554514249,58,36.51,-4.89,55.4,8.05
lai,0,CN,1554514494,34,27.82,91.75,50.03,1.39
carnarvon,0,ZA,1554514494,91,-30.97,22.13,47.24,10.67
emba,0,CY,1554514262,87,34.81,32.42,55.4,5.82
cordoba,92,CO,1554514494,99,5.59,-73.79,53.9,0.49
bueu,75,ES,1554514481,93,42.33,-8.79,57.0,6.93
baza,20,ES,1554514365,85,37.49,-2.77,39.0,8.01
anamur,0,TR,1554511800,93,36.08,32.84,50.0,4.7
cukai,75,MY,1554512400,88,4.25,103.42,80.6,3.36
zaraza,0,VE,1554514495,74,9.35,-65.33,76.31,14.47
khandbari,0,NP,1554514495,68,27.38,87.21,40.13,0.83
lagoa,20,PT,1554514343,87,37.14,-8.45,52.0,4.7
grand gaube,75,MU,1554514441,83,-20.01,57.66,78.8,12.75
qaqortoq,75,GL,1554511800,47,60.72,-46.03,37.4,29.97
kutum,0,SD,1554514497,30,14.2,24.66,55.07,6.2
khovu-aksy,56,RU,1554514497,77,51.13,93.72,39.95,3.29
zalari,0,RU,1554514497,71,53.57,102.52,35.18,4.41
kathu,8,ZA,1554514286,88,-27.7,23.05,55.0,5.41
husavik,0,CA,1554514231,90,50.56,-96.99,30.0,5.99
crixas,68,BR,1554514498,84,-14.55,-49.97,75.23,4.63
norman wells,5,CA,1554512400,41,65.28,-126.83,24.8,17.22
cleveland,90,US,1554514459,76,41.51,-81.69,51.8,4.29
vostok,88,RU,1554514498,70,46.45,135.83,33.11,3.62
nador,0,MA,1554512400,54,35.17,-2.93,55.4,10.29
cercal,92,PT,1554514313,85,37.8,-8.67,51.01,8.01
kui buri,0,TH,1554512400,70,12.07,99.86,86.0,3.36
plastun,76,RU,1554514499,48,44.76,136.29,40.22,7.09
diamantino,92,BR,1554514499,98,-14.4,-56.44,71.09,5.08
san quintin,0,PH,1554514500,78,17.54,120.52,83.96,3.51
balabac,0,PH,1554514500,99,7.99,117.06,83.33,5.75
pitimbu,20,BR,1554512400,88,-7.47,-34.81,78.8,2.24
biak,8,ID,1554514500,78,-0.91,122.88,86.66,2.06
champerico,75,MX,1554511620,42,16.38,-93.6,86.0,23.04
nuuk,68,GL,1554511800,37,64.17,-51.74,37.4,26.4
topolobampo,5,MX,1554514095,36,25.6,-109.05,78.8,16.11
north myrtle beach,90,US,1554514402,100,33.83,-78.68,64.4,3.36
sur,80,OM,1554514501,76,22.57,59.53,82.34,6.76
usakos,0,NA,1554514501,87,-22.0,15.59,56.96,2.95
plettenberg bay,0,ZA,1554514501,100,-34.05,23.37,61.1,11.79
arman,88,RU,1554514502,68,59.7,150.17,36.35,8.88
banjar,24,ID,1554514502,80,-7.37,108.54,81.98,3.74
lucea,75,JM,1554512400,74,18.44,-78.17,78.8,3.36
riachao das neves,92,BR,1554514233,97,-11.75,-44.91,68.84,2.95
hamada,0,JP,1554512400,63,34.9,132.08,60.8,4.7
memari,48,IN,1554512400,83,23.17,88.11,73.4,3.36
tucurui,44,BR,1554514503,95,-3.77,-49.67,75.05,2.95
turukhansk,80,RU,1554514503,97,65.8,87.96,28.16,12.46
saldanha,92,PT,1554514504,97,41.42,-6.55,40.76,12.91
thohoyandou,76,ZA,1554514504,96,-22.97,30.46,65.6,3.74
slantsy,12,RU,1554514504,82,59.12,28.09,30.59,4.74
oistins,75,BB,1554512400,83,13.07,-59.53,75.2,27.51
filadelfia,88,PY,1554514505,85,-22.35,-60.04,61.91,13.8
matara,0,PE,1554514505,76,-13.74,-72.9,34.1,1.5
alyangula,88,AU,1554512400,94,-13.85,136.42,80.6,5.82
eskil,0,TR,1554514505,90,38.4,33.41,37.79,4.18
laguna,5,MX,1554511260,18,27.52,-110.01,80.6,4.7
praia da vitoria,20,PT,1554514248,82,38.73,-27.07,59.0,22.64
portland,40,US,1554514333,58,45.52,-122.67,55.4,14.99
gamba,0,CN,1554514506,98,28.28,88.52,19.43,0.94
warrington,0,GB,1554514505,75,53.39,-2.59,46.0,9.17
mehamn,0,NO,1554514507,70,71.03,27.85,18.17,7.43
riachao,88,BR,1554514385,95,-7.36,-46.62,72.62,4.18
belmonte,92,PT,1554514408,87,40.36,-7.35,44.01,8.01
kavieng,48,PG,1554514508,100,-2.57,150.8,84.41,4.41
grafton,40,AU,1554514427,57,-29.69,152.93,77.0,4.7
abhar,64,IR,1554514508,94,36.14,49.22,39.95,2.95
namtsy,0,RU,1554512400,43,62.72,129.66,35.6,3.4
srednekolymsk,0,RU,1554514509,67,67.46,153.71,23.84,3.4
sharjah,0,AE,1554512400,26,25.36,55.39,84.2,2.24
lorengau,0,PG,1554514466,99,-2.02,147.27,83.6,1.83
radyvyliv,44,UA,1554514509,58,50.13,25.25,43.91,13.02
sussex,90,CA,1554513974,74,45.72,-65.51,33.8,9.17
buala,68,SB,1554514510,87,-8.15,159.59,86.48,3.96
fuerte olimpo,92,BR,1554514510,96,-21.04,-57.87,62.45,17.27
nagornskiy,0,RU,1554514355,46,58.77,57.55,19.0,4.29
pisco,0,PE,1554512400,78,-13.71,-76.2,71.6,9.17
atar,0,MR,1554514511,52,20.52,-13.05,56.15,6.98
newark,90,US,1554514275,86,40.74,-74.17,41.0,3.29
padang,20,ID,1554512400,79,-0.92,100.36,84.2,4.7
nouadhibou,0,MR,1554512400,77,20.93,-17.03,64.4,17.22
boueni,20,YT,1554512400,94,-12.9,45.08,80.6,3.36
deputatskiy,48,RU,1554514512,87,69.3,139.9,18.71,3.74
ambagarh chauki,8,IN,1554514512,43,20.78,80.75,83.42,10.45
natchez,1,US,1554514206,82,31.56,-91.4,68.0,4.7
mackenzie,90,CA,1554512580,67,55.34,-123.09,44.6,4.7
houston,75,US,1554514350,88,29.76,-95.37,75.99,9.17
mezen,8,RU,1554514513,89,65.85,44.24,20.96,2.95
salas,0,ES,1554514447,65,43.41,-6.26,46.4,5.82
tarsus,20,TR,1554511800,87,36.92,34.88,51.8,1.12
oyama,20,JP,1554514436,23,36.31,139.8,75.99,2.24
neka,90,IR,1554512400,82,36.65,53.3,57.2,2.24
buzdyak,80,RU,1554514514,89,54.57,54.53,29.78,2.95
kuvshinovo,0,RU,1554514514,71,57.03,34.18,22.22,4.85
mangai,0,CD,1554514514,94,-4.07,19.59,74.69,1.95
hambantota,0,LK,1554513000,100,6.12,81.12,77.0,4.7
ngaoundere,8,CM,1554514515,86,7.32,13.58,61.1,2.73
talara,8,PE,1554514514,77,-4.58,-81.27,71.9,5.08
ola,0,RU,1554514515,82,59.58,151.3,36.08,21.07
mont-de-marsan,92,FR,1554514347,93,43.89,-0.5,48.0,9.17
desaguadero,0,PE,1554514516,83,-16.56,-69.04,27.26,2.84
harper,1,US,1554514322,64,30.3,-99.24,75.99,4.7
gat,8,SN,1554512400,68,14.69,-16.54,75.2,21.92
airai,92,TL,1554514516,73,-8.93,125.41,76.85,2.95
piacenza,0,IT,1554514510,58,45.05,9.69,53.6,5.82
nurobod,75,UZ,1554512400,87,40.91,69.8,51.8,4.7
mirnyy,36,RU,1554514517,77,56.57,36.46,27.26,4.29
rudraprayag,88,IN,1554514517,95,30.29,78.98,54.98,2.06
ozinki,92,RU,1554514518,97,51.2,49.73,39.5,9.78
mangrol,0,IN,1554514518,53,25.33,76.51,78.02,4.63
baruun-urt,0,MN,1554514518,30,46.68,113.28,30.86,11.01
greenwood,90,US,1554514507,93,34.2,-82.16,61.0,3.4
thaba-tseka,92,LS,1554514519,100,-29.52,28.61,40.22,2.51
ariquemes,56,BR,1554514519,91,-9.91,-63.03,77.39,1.95
lima,0,PE,1554514337,88,-12.06,-77.04,72.0,9.17
pitsunda,20,GE,1554514073,57,43.16,40.34,52.0,5.41
maniitsoq,80,GL,1554514519,68,65.42,-52.9,30.86,12.8
cockburn town,88,TC,1554514520,99,21.46,-71.14,78.11,20.07
dongsheng,80,CN,1554514520,74,29.72,112.52,73.61,14.58
belyy yar,0,RU,1554512400,50,53.6,91.39,33.8,6.71
villa alemana,0,CL,1554514492,87,-33.04,-71.37,71.6,4.7
windhoek,12,NA,1554512400,34,-22.57,17.08,66.0,10.29
vung tau,8,VN,1554514521,86,10.35,107.08,85.49,14.92
tura,12,IN,1554514519,87,25.52,90.21,72.98,3.96
acapulco,75,MX,1554511500,83,16.86,-99.88,80.6,10.29
aasiaat,0,GL,1554514521,80,68.71,-52.87,29.06,26.78
bodden town,20,KY,1554512404,83,19.28,-81.25,80.6,5.82
sargatskoye,0,RU,1554514522,86,55.6,73.49,31.58,5.53
cap malheureux,75,MU,1554514441,83,-19.98,57.61,78.8,12.75
dokka,88,NO,1554514431,90,60.83,10.07,32.0,2.39
chateauroux,92,FR,1554514512,93,43.72,0.65,48.2,6.93
njombe,92,TZ,1554514523,97,-9.34,34.77,64.7,2.84
gayeri,12,BF,1554514523,50,12.65,0.49,82.43,10.45
mill valley,90,US,1554514520,82,37.91,-122.55,61.0,9.17
sola,75,NO,1554514502,57,58.89,5.65,51.8,5.82
lata,56,IN,1554514524,100,30.78,78.62,48.32,1.83
magadan,0,RU,1554514524,82,59.56,150.8,36.35,20.29
chimoio,92,MZ,1554514524,96,-19.11,33.48,69.65,1.72
kushima,0,JP,1554512400,52,31.5,131.29,66.2,4.7
alugan,92,PH,1554514525,91,12.22,125.48,81.53,10.67
san andres,20,PH,1554514525,98,13.32,122.68,82.79,7.54
leningradskiy,0,RU,1554514525,90,69.38,178.42,7.82,28.79
san jose,12,PH,1554514527,66,15.79,120.99,84.5,3.18
lazaro cardenas,75,MX,1554511320,15,28.39,-105.62,78.8,18.34
hun,20,BE,1554514490,81,50.34,4.87,46.99,4.7
cururupu,92,BR,1554514527,100,-1.82,-44.87,72.89,3.18
batagay-alyta,64,RU,1554514528,81,67.8,130.41,25.82,2.95
fort morgan,32,US,1554514206,27,40.25,-103.8,64.4,5.82
ceres,88,AR,1554514528,64,-29.88,-61.95,59.39,3.4
victor harbor,40,AU,1554514513,55,-35.55,138.62,68.0,11.41
barcelos,40,PT,1554514408,93,41.53,-8.62,48.2,11.41
waipawa,92,NZ,1554513977,72,-39.94,176.59,54.0,6.42
tromso,0,NO,1554511800,78,69.65,18.96,12.2,3.36
corinto,64,BR,1554514529,78,-18.36,-44.46,74.42,2.73
kargasok,0,RU,1554514529,66,59.06,80.87,35.9,5.64
marystown,0,CA,1554514250,100,47.17,-55.16,28.0,22.97
aniva,75,RU,1554512400,69,46.71,142.53,37.4,4.47
tacloban,44,PH,1554514530,96,11.24,125.01,82.25,5.86
kartaly,64,RU,1554514530,89,53.05,60.64,35.72,1.72
russell,0,AR,1554512400,42,-33.01,-68.8,62.6,3.4
geraldton,90,CA,1554513240,92,49.72,-86.95,35.6,2.24
great bend,1,US,1554514333,52,38.36,-98.78,69.8,23.04
cotonou,20,BJ,1554512400,83,6.37,2.43,84.2,13.87
ferrol,92,ES,1554514505,93,43.48,-8.23,46.0,6.93
samut prakan,20,TH,1554514367,79,13.6,100.6,90.0,8.05
albanel,90,CA,1554512400,37,48.88,-72.44,33.8,5.82
lobito,24,AO,1554514439,90,-12.35,13.55,71.0,2.95
ferme-neuve,92,CA,1554514532,92,46.7,-75.45,30.77,5.19
antsohihy,8,MG,1554514532,89,-14.88,47.99,73.16,8.55
shimoda,20,JP,1554514512,63,34.7,138.93,73.99,13.87
pareora,0,NZ,1554514030,46,-44.49,171.21,55.99,5.99
botwood,20,CA,1554514336,62,49.14,-55.34,24.01,16.11
arua,76,UG,1554514533,93,3.02,30.91,66.59,2.51
pimentel,68,BR,1554514534,95,-3.7,-45.5,74.51,2.95
den helder,90,NL,1554514501,93,52.96,4.76,46.99,9.17
tumpat,75,MY,1554512400,74,6.2,102.17,82.4,4.7
penzance,88,GB,1554514388,93,50.12,-5.53,52.0,8.05
sinnamary,92,GF,1554514535,93,5.38,-52.96,80.63,13.02
zwettl,80,AT,1554514505,91,48.6,15.17,48.99,1.99
conceicao do almeida,24,BR,1554514535,87,-12.78,-39.17,77.48,3.74
flinders,40,AU,1554514514,57,-34.58,150.85,81.0,8.05
stokmarknes,0,NO,1554514295,65,68.56,14.91,28.99,3.0
bonfim,75,BR,1554512400,69,-20.33,-44.24,77.0,3.36
kommunar,0,RU,1554514277,68,59.62,30.39,36.0,2.95
znamenka,88,RU,1554514536,93,52.41,41.44,32.39,3.18
igarka,64,RU,1554514536,93,67.47,86.57,22.22,19.28
illela,8,NG,1554514537,68,12.25,4.3,73.7,2.95
caravelas,0,BR,1554514537,97,-17.73,-39.27,82.43,14.47
abu kamal,0,SY,1554514537,95,34.45,40.92,46.97,8.21
myitkyina,0,MM,1554514537,81,25.38,97.4,71.36,3.18
roald,64,NO,1554514333,100,62.58,6.12,41.0,4.7
mandali,92,IQ,1554514538,93,33.75,45.55,60.2,10.78
xiaoweizhai,80,CN,1554514538,83,26.23,107.51,62.18,3.51
port hueneme,90,US,1554514535,63,34.15,-119.2,63.0,13.87
chimbote,12,PE,1554514538,96,-9.08,-78.59,66.41,5.75
mae ramat,0,TH,1554512400,73,16.98,98.52,77.0,2.39
karratha,0,AU,1554514404,10,-20.74,116.85,99.8,13.13
nyurba,0,RU,1554514539,70,63.29,118.35,36.53,4.41
velingara,0,SN,1554508800,44,13.64,-16.01,78.8,11.41
riyadh,75,SA,1554512400,53,24.63,46.72,71.6,2.24
gushikawa,1,JP,1554512400,73,26.35,127.87,77.0,1.83
conceicao do araguaia,92,BR,1554514540,94,-8.26,-49.26,74.78,2.95
kiunga,0,PG,1554514540,70,-6.12,141.3,88.19,2.95
topeka,1,US,1554514337,67,39.05,-95.68,63.0,10.29
sobolevo,0,RU,1554514540,70,54.43,31.9,23.66,2.84
muzhi,24,RU,1554514541,77,65.4,64.7,23.12,13.47
nadaun,0,IN,1554514541,77,31.78,76.34,69.74,3.62
kloulklubed,90,PW,1554511800,94,7.04,134.26,78.8,6.93
xining,0,CN,1554514541,23,36.62,101.77,51.92,3.74
iqaluit,90,CA,1554513180,92,63.75,-68.52,21.2,2.24
beringovskiy,12,RU,1554514542,91,63.05,179.32,26.0,4.63
ucluelet,75,CA,1554514290,81,48.94,-125.55,51.01,4.7
ankara,0,TR,1554514508,71,39.92,32.85,46.0,2.24
zhigansk,44,RU,1554514542,70,66.77,123.37,32.57,5.19
birjand,0,IR,1554512400,50,32.86,59.22,57.2,6.93
kawalu,44,ID,1554514543,82,-7.38,108.21,77.03,2.95
bantou,64,CN,1554514543,80,26.22,117.49,68.03,2.62
buluang,75,PH,1554512400,88,10.47,123.98,80.6,4.7
marsabit,0,KE,1554514544,79,2.34,37.99,72.89,6.42
doha,0,QA,1554512400,57,25.29,51.53,78.8,9.17
tondano,20,ID,1554512400,70,1.3,124.91,84.2,2.24
iracoubo,76,GF,1554514544,75,5.48,-53.21,78.38,6.2
north battleford,1,CA,1554514418,52,52.78,-108.3,41.0,12.75
gayny,0,RU,1554514545,85,60.3,54.33,22.85,6.87
kedrovyy,0,RU,1554512400,58,56.17,91.82,26.6,3.62
palimbang,75,PH,1554514415,70,14.9,120.78,89.01,4.7
saurimo,24,AO,1554514545,98,-9.66,20.4,66.5,2.62
bacolod,76,PH,1554514545,75,10.68,122.95,83.24,7.54
acheng,0,CN,1554512400,45,45.55,126.95,42.8,8.95
pinega,0,RU,1554514546,89,64.7,43.39,18.71,2.39
mayo,75,CA,1554512400,48,63.59,-135.9,32.0,11.41
qinzhou,92,CN,1554514546,99,21.96,108.62,73.25,4.29
chitose,75,JP,1554514218,64,42.79,141.51,43.0,4.7
san patricio,92,PY,1554514547,84,-26.98,-56.83,64.61,6.64
cayenne,90,GF,1554512400,94,4.94,-52.33,75.2,2.24
omboue,24,GA,1554514547,100,-1.57,9.26,81.44,3.62
boguchany,0,RU,1554514548,54,58.38,97.46,33.38,3.51
khash,0,IR,1554514306,46,28.22,61.21,55.79,2.73
akdepe,0,TM,1554512400,75,42.05,59.39,46.4,9.17
moche,0,PE,1554512400,83,-8.17,-79.01,69.8,6.93
kiknur,80,RU,1554514548,97,57.3,47.21,30.05,3.85
praia,75,BR,1554512400,69,-20.25,-43.81,77.0,3.36
saint-augustin,92,FR,1554514406,93,44.83,-0.61,50.0,8.05
sao luis,88,BR,1554514549,60,4.43,-61.14,77.03,2.95
fare,92,PF,1554514549,99,-16.7,-151.02,84.23,14.25
juegang,0,CN,1554514384,56,32.31,121.18,77.0,8.88
hovd,0,NO,1554514264,69,63.83,10.7,37.4,17.22
camapua,24,BR,1554514550,89,-19.53,-54.04,72.17,3.29
fukue,40,JP,1554514445,51,35.03,136.69,66.99,17.22
pedernales,44,EC,1554514550,96,0.07,-80.05,72.08,4.63
sault sainte marie,90,CA,1554512400,93,46.49,-84.36,35.6,4.7
antofagasta,0,CL,1554512400,82,-23.65,-70.4,64.4,2.24
capissayan,36,PH,1554514551,85,18.05,121.82,82.25,3.62
marzuq,8,YE,1554514551,87,14.4,46.47,53.54,2.39
ambon,92,FR,1554514528,100,47.55,-2.56,42.8,6.93
kaputa,44,ZM,1554514446,95,-8.47,29.66,63.53,2.17
banda aceh,0,ID,1554514552,74,5.56,95.32,85.76,2.73
oeiras,80,BR,1554514552,96,-7.01,-42.13,70.82,2.39
bandarbeyla,0,SO,1554514552,100,9.49,50.81,78.38,2.39
guerrero negro,92,MX,1554514553,93,27.97,-114.04,61.1,8.66
ahipara,64,NZ,1554514421,78,-35.17,173.16,67.13,9.55
sao jose da coroa grande,100,BR,1554514553,86,-8.9,-35.15,79.46,4.74
bikin,88,RU,1554514553,62,46.82,134.25,39.23,3.4
hornepayne,36,CA,1554514553,90,49.22,-84.78,31.67,6.08
mecca,0,SA,1554514477,84,21.43,39.83,57.86,2.73
mpika,64,ZM,1554514554,95,-11.84,31.4,62.09,4.85
ortakoy,0,TR,1554514554,77,38.74,34.04,31.85,2.73
yarmouth,12,GB,1554514389,75,50.71,-1.5,48.0,13.87
tuy hoa,8,VN,1554514554,71,13.08,109.3,84.32,6.2
san policarpo,92,PH,1554514555,91,12.18,125.51,81.53,10.67
antalaha,68,MG,1554514555,95,-14.9,50.28,77.12,6.76
